prompt_technik,model_name,total_evaluated,completion_evaluation,compilable_evaluation,code_bleu_average_score.bleu_score,code_bleu_average_score.ngram_match_score,code_bleu_average_score.weighted_ngram_match_score,code_bleu_average_score.syntax_match_score,code_bleu_average_score.dataflow_match_score,codeBert_average_score.codeBert_average_precision,codeBert_average_score.codeBert_average_recall,codeBert_average_score.codeBert_average_f1
Few_shot,llama-guard-3-8b,50,0.02,0.6,0.3941615203406665,0.0040521010075612145,0.24772218548330976,0.3248717948717949,0.02,0.7144500708580017,0.46482894718647005,0.5625536203384399
Few_shot,llama3-70b-8192,50,0.18,0.48,0.4068466551565662,0.27128099146826323,0.3447458807192387,0.5420222418411486,0.4693375065976142,0.8354519367218017,0.782436455488205,0.8077642714977264
Few_shot,mixtral-8x7b-32768,50,0.22,0.52,0.37581094118910535,0.22332050961879968,0.308189271395278,0.5235531485744279,0.4081808351679158,0.8238744282722473,0.8192141795158386,0.819368017911911
Few_shot,gpt35,50,0.52,0.94,0.3794828655694179,0.2080786629800934,0.26127820052867246,0.5730319363481324,0.4755426624207736,0.8061071276664734,0.7942000722885132,0.7995187532901764
Few_shot,gemma-7b-it,50,0.06,0.64,0.3751063820247984,0.22907744737184108,0.31550978226608994,0.5164505566874339,0.4393877417738286,0.8321486914157867,0.797156742811203,0.8137819159030915
Few_shot,llama-3.1-70b-versatile,50,0.52,0.84,0.4100621055835833,0.26189242982808475,0.32715105607197714,0.5849061501204074,0.4662987863138637,0.8356393229961395,0.8315365922451019,0.8320278596878051
Few_shot,llama3-8b-8192,50,0.26,0.86,0.3906645691949745,0.23087349080761277,0.3266860169463518,0.5354249046980517,0.4696738643278816,0.8327936792373657,0.7732646846771241,0.8015489721298218
Few_shot,llama3-groq-70b-8192-tool-use-preview,50,0.22,0.48,0.32016865202982225,0.17336978962001534,0.220996700953756,0.4190774565450381,0.34723066100047967,0.7909933876991272,0.7669566392898559,0.7780343067646026
Few_shot,llama3-groq-8b-8192-tool-use-preview,50,0.14,0.62,0.37524478345300266,0.19826491726378656,0.2977318130220861,0.5106263688060079,0.47435603472013016,0.8119729971885681,0.7531813752651214,0.7805952191352844
Few_shot,gemma2-9b-it,50,0.3,0.8,0.3741796774682368,0.2143313057502529,0.273109935411069,0.5518304866703901,0.4574469820412355,0.8105059826374054,0.808248074054718,0.8083995079994202
